,date,id,n_comments,score,title,upvote_ratio
0,2017-01-20 17:43:37,5p5civ,9173,75482,All References to Climate Change Have Been Deleted From the White House Website,0.75
1,2017-01-20 13:11:11,5p3s9c,10486,64127,"Man Boasts Of Sexual Assault, Later Inaugurated 45th President Of United States",0.66
2,2016-11-30 18:14:52,5fr5a2,7757,61402,Obama says marijuana should be treated like ‘cigarettes or alcohol’,0.76
3,2016-08-18 16:34:11,4ycwv3,481,61319,Justice Department says it will end use of private prisons,0.91
4,2017-01-21 12:44:06,5pagq9,4294,60726,"Petition calling for release of Donald Trump's tax returns reaches 100,000 needed for White House response",0.71
5,2017-01-11 00:53:36,5n8z88,46139,60235,Megathread: Intelligence report claims Russia has compromising information on Trump,0.71
6,2017-01-26 21:50:18,5qd3or,3053,52287,Petition Demanding Donald Trump Release His Tax Returns Breaks White House Record,0.74
7,2017-01-11 19:10:55,5ne41g,15354,49038,Trump shouted down CNN’s Jim Acosta as ‘fake news’ then took a question from Breitbart.,0.68
8,2016-07-24 15:16:54,4ud9tk,6748,48681,Sanders Calls for Wasserman Schultz to Resign After Email Leaks,0.86
9,2016-11-09 08:04:37,5bzot4,9281,47938,Donald Trump would have lost if Bernie Sanders had been the candidate,0.64
10,2017-01-24 21:51:52,5pz2m8,3355,47716,A Rogue National Park Is Tweeting Out Climate Change Facts in Defiance of Donald Trump,0.79
11,2016-03-09 04:33:21,49mfcd,7614,46323,Bernie Sanders wins Michigan in stunning upset,0.74
12,2016-11-12 11:56:13,5ck3ml,3754,46203,Environmentalists launch 'emergency' campaign to persuade Trump climate change is real amid fears of 'planetary disaster',0.8
13,2016-12-14 23:37:43,5ie2gx,14260,45000,U.S. Officials: Putin Personally Involved in U.S. Election Hack,0.66
14,2017-01-26 16:09:23,5qazu1,8696,44808,The State Department’s entire senior management team just resigned,0.81
15,2016-06-27 17:12:49,4q44yt,4058,44023,President Obama should pardon Edward Snowden before leaving office,0.79
16,2016-08-11 18:05:14,4x924g,3330,43530,"Bernie Sanders Slams Decision Not To Reclassify Marijuana: ""People can argue about the pluses and minuses of marijuana, but everyone knows it’s not a killer drug like heroin.""",0.85
17,2016-05-12 22:45:35,4j3232,2473,43526,Obama Endorses Idea of National Voting Holiday,0.91
18,2017-01-22 13:34:33,5pgxlj,7579,42480,Women lead unprecedented worldwide mass protests against Trump,0.69
19,2016-06-21 16:37:12,4p57go,8658,42221,Hacker releases Clinton Foundation documents,0.84
20,2016-12-21 21:08:38,5jmfb7,9894,41897,Poll: 62 percent of Democrats and independents don't want Clinton to run again,0.78
21,2017-01-16 23:28:33,5oecf7,4081,41079,Poll: 74 percent want to see Trump's tax returns,0.7
22,2016-12-16 19:25:19,5iq5uv,11762,40554,FBI backs CIA view that Russia intervened to help Trump win election,0.67
23,2016-11-15 22:53:57,5d5oht,5840,40435,"Warren to President-Elect Trump: You Are Already Breaking Promises by Appointing Slew of Special Interests, Wall Street Elites, and Insiders to Transition Team",0.67
24,2016-11-11 20:48:26,5cgswr,9784,40109,"Donald Trump: I may not repeal Obamacare, President-elect says in major U-turn",0.7
25,2017-01-13 12:54:53,5nqfw6,7981,39867,"In 2 Terms, Obama Had Fewer Scandals Than Trump Has Had In The Last 2 Weeks",0.64
26,2017-01-27 15:15:41,5qhmhz,6262,40124,Republicans Quietly Admit There Will Be No Obamacare Replacement,0.77
27,2016-07-25 13:45:56,4uieru,3926,39017,Leaked DNC Documents Show Plans To Reward Big Donors With Federal Appointments,0.84
28,2016-11-09 23:38:04,5c4kir,6091,38830,Sanders Statement on Trump,0.8
29,2016-12-18 18:08:32,5j1g7x,5257,38423,Leak reveals Rex Tillerson is director of Bahamas-based US-Russian oil company,0.76
30,2016-06-15 17:29:08,4o86et,1898,38281,Jimmy Carter calls for return to publicly-financed elections,0.86
31,2016-12-10 01:02:51,5hhji4,11006,37992,Secret CIA assessment says Russia was trying to help Trump win White House,0.67
32,2016-12-04 21:44:44,5ghx10,3280,37634,"Standing Rock: US denies key permit for Dakota Access pipeline, a win for tribe",0.82
33,2016-12-12 15:21:54,5hx4vz,7457,37414,Electors demand intelligence briefing before Electoral College vote,0.7
34,2016-03-25 15:53:35,4bx0sw,2574,37298,Poll: 66 percent think presidential election process is broken,0.85
35,2016-08-30 21:24:05,50d83w,2304,37049,"Richard Sherman wants billionaires, not taxpayers, to pay for stadiums",0.87
36,2017-01-19 18:34:42,5oybdp,7152,36846,Donald Trump has assembled the worst Cabinet in American history,0.6
37,2016-04-15 03:52:29,4eurso,4626,36746,Hillary Clinton gets booed at Democratic debate after being confronted over Wall Street transcripts,0.78
38,2016-07-11 20:27:35,4scrzl,1926,36624,Congress is going to try to expand the Patriot Act tonight and hopes no one will notice,0.92
39,2016-11-17 00:42:53,5dcw4i,8496,36597,"Trump caught on video telling rich friends at the 21 Club, ‘We’ll get your taxes down — don’t worry about it’",0.63
40,2016-04-20 16:00:52,4fnqns,1267,36562,"Nebraska Just Abolished Civil Forfeiture, Now Requires A Criminal Conviction To Take Property",0.95
41,2017-01-22 19:59:20,5pj7km,2847,36306,"Dear Team Trump, ""Alternative Facts"" Are Lies",0.7
42,2017-01-24 18:55:05,5pxy7j,4489,36268,Ryan: ‘No evidence’ of mass voter fraud as Trump claimed,0.76
43,2017-01-27 19:30:47,5qj4qv,4274,37362,Trump closed the White House comment line so people are calling his hotels.,0.78
44,2016-12-08 19:07:21,5h8sy6,5010,35937,I’m the union leader Donald Trump attacked. I’m tired of being lied to about our jobs.,0.67
45,2016-07-25 22:18:32,4ukzlr,3544,35770,"Julian Assange: ""Hillary is incorporating Debbie into her campaign. She is going to be pushing for her re-election to the Congress. That is a very interesting signalling by Hillary Clinton. That if you act in a corrupt way that benefits Hillary Clinton, you will be taken care of."" [5:53]",0.77
46,2016-10-28 18:51:41,59vuny,26348,35705,Megathread: FBI reopens investigation into Clinton emails,0.72
47,2017-01-21 22:05:22,5pd87h,6358,35554,"At 2.5 million strong, Women's Marches crush expectations",0.73
48,2017-01-27 20:49:12,5qjlvu,3648,37431,"In leaked audio, Republicans destroy their own public talking points on Obamacare",0.77
49,2016-11-27 12:14:32,5f51im,2555,35357,The US government is already quietly backing out of its promise to phase out private prisons,0.86
50,2016-04-27 13:12:47,4go6by,4319,35298,Half Of Americans Think Presidential Nominating System 'Rigged'.,0.83
51,2016-11-06 21:03:14,5bi1pe,11080,35129,"Megathread: FBI Director Comey states nothing has changed in email investigation, recommends no charges against Clinton",0.61
52,2016-11-16 13:01:28,5d91tz,6451,35010,One of Trump’s potential Supreme Court nominees thinks gay people should be jailed for having sex,0.69
53,2017-01-08 14:42:55,5mr4bh,3491,34937,Mitch McConnell ignoring cabinet confirmation procedure he demanded in 2009,0.79
54,2016-02-10 00:18:37,44zv2i,2230,34793,"McCain: Anyone Who Says Waterboarding Works is a Liar | ""We tried Japanese generals and hung them for war crimes,"" said McCain. ""One of the crimes was waterboarding.""",0.91
55,2016-12-09 15:36:55,5hedov,9936,34604,Obama orders 'full review' of election-related hacking,0.73
56,2017-01-21 20:46:47,5pcsid,6800,34490,"President Donald Trump accuses media of lying about inauguration crowds, wrongly says crowd reached Washington monument",0.72
57,2016-11-09 17:46:12,5c2ig1,6461,34149,Calls grow for Bernie Sanders to run for president in 2020 after Donald Trump victory,0.71
58,2016-12-20 21:03:28,5jfr13,3867,34146,Obama invokes 1953 law to indefinitely block drilling in Arctic and Atlantic oceans,0.84
59,2017-01-16 21:27:27,5odm19,3229,34080,"First on CNN: Trump's cabinet pick invested in company, then introduced a bill to help it",0.74
60,2016-11-22 17:58:50,5ec3wa,3447,33935,"John McCain: “I don’t give a damn” what the president wants to do, we won’t torture",0.78
61,2016-11-09 15:11:11,5c1ll8,4005,33842,"In this new world, now is the time to support fearless, independent journalism.",0.78
62,2016-04-12 12:18:10,4efmd2,2257,33626,"Colorado Democrats admit mistake that cost Bernie Sanders key delegate -- Denver Post uncovers that Democratic Party told Hillary Clinton's campaign about caucus counting mistake, but kept public and Bernie Sanders camp in the dark",0.83
63,2016-09-27 03:35:59,54ogs7,9557,33592,Trump brags about not paying taxes: 'That makes me smart',0.66
64,2016-11-07 00:33:07,5bj5mv,4347,33478,62% of voters say they feel less proud of America after 2016 election,0.8
65,2017-01-15 14:05:22,5o42fn,9712,33462,“I will die”: Americans plead with Republican politicians not to repeal Obamacare,0.7
66,2017-01-20 21:28:00,5p6qh4,1849,33331,Alabama found guilty of racial gerrymandering,0.81
67,2016-03-05 15:48:54,492viu,3059,33264,"President Jimmy Carter says America, a once-free nation, is now an oligarchy, and that’s not just his opinion. It is provable, and backed up by the research of top political experts and scholars.",0.88
68,2016-10-24 00:12:18,591def,3416,33106,Bernie Sanders: Obama Administration “Should Kill” The AT&T-Time Warner Deal: “Higher Prices & Fewer Choices”,0.87
69,2016-12-22 19:25:27,5jsgsc,6582,32961,States Won by Trump Have Highest 'Obamacare' Enrollment,0.74
70,2016-10-02 02:10:44,55g62d,7687,32874,Trump Tax Records Obtained by The Times Reveal He Could Have Avoided Paying Taxes for Nearly Two Decades,0.7
71,2016-03-28 19:03:28,4cbbg8,6808,32406,Clinton Campaign: No More Debates Until Sanders Starts Being Nicer,0.8
72,2016-12-13 12:35:37,5i3c9k,5881,32116,Obama hits Trump on intel briefings: ‘It doesn’t matter how smart you are’,0.71
73,2016-07-26 01:05:33,4ulrde,5117,32023,DNC betrayed Bernie Sanders and the rest of America,0.71
74,2016-07-21 15:06:40,4tx4ps,5070,31971,"Cruz: ""I am not in the habit of supporting people who attack my wife and attack my father""",0.75
75,2017-01-12 21:11:41,5nm1wp,3973,31918,Biden awarded presidential Medal of Freedom,0.72
76,2016-11-16 15:44:11,5d9uc7,3547,31861,Sanders named to Senate leadership post,0.81
77,2016-10-13 01:24:21,577hd1,3671,31779,In Praise of a President Who Offered America Eight Dignified Years Free of Sex Scandals,0.67
78,2016-09-12 13:36:17,52e421,2417,31581,The ACLU is about to launch a campaign urging Obama to pardon Edward Snowden.,0.86
79,2016-11-10 17:48:13,5c96xx,4169,31416,Bernie Sanders doesn't rule out a 2020 White House run,0.77
80,2016-04-26 16:48:23,4gjf6g,5650,31347,"Clinton's Internet Supporters, Allegedly Using Pornography, Shut Down Bernie Sanders' Largest Facebook Groups in Coordinated Attack",0.75
81,2017-01-03 02:30:49,5lpc9z,5493,31287,"With No Warning, House Republicans Vote to Hobble Independent Ethics Office",0.8
82,2017-01-26 12:45:34,5q9y0x,3124,31300,Keystone pipeline will create just 35 permanent jobs. Don't believe the lies,0.73
83,2017-01-25 15:16:25,5q3pdv,2538,31235,Steve Bannon Is Registered to Vote in Two States,0.8
84,2017-01-23 00:14:32,5pkv2f,2977,31220,Journalists should stop interviewing Kellyanne Conway,0.73
85,2016-09-19 19:27:43,53j0bj,6470,31197,Computer Tech Who Asked How To ‘Strip Out’ Email Addresses May Have Worked For Hillary,0.72
86,2016-03-24 12:46:18,4bre87,4229,31200,"Leonardo DiCaprio attacks Republican presidential candidates on climate change | “We should not have a candidate who doesn’t believe in modern science to be leading our country,” he said.",0.76
87,2016-11-12 15:45:40,5ckx4b,3258,31154,"Elizabeth Warren, Bernie Sanders duo will lead liberals in the Senate",0.79
88,2017-01-26 20:07:57,5qch3i,4395,31010,Trump’s Chief Strategist Says News Media Should ‘Keep Its Mouth Shut’,0.81
89,2017-01-06 01:51:11,5mapp7,7311,30969,"Sources: Trump will ask Congress, not Mexico, to pay for border wall",0.72
90,2017-01-06 15:28:03,5me4ze,2864,30952,Schwarzenegger fires back at Trump: I hope you'll work as hard for Americans as you did for ratings,0.77
91,2016-07-22 16:32:54,4u3bt8,10062,30925,"Wikileaks Releases Nearly 20,000 Hacked DNC Emails",0.83
92,2016-11-11 13:25:28,5cegka,8831,30920,Sanders: Losing White Working Class to Trump an 'Embarrassment' for Dems,0.82
93,2017-01-25 13:28:50,5q35s7,2517,30877,"Thanks to Trump, Scientists Are Going To Run For Office",0.85
94,2017-01-03 18:47:35,5ltncf,4617,30778,"Ford CEO: Main reason for canceling Mexico plant was market demand, not Trump.",0.64
95,2016-03-13 13:58:48,4a8eel,2328,30680,"Bernie Sanders Polls: After trailing Hillary Clinton by 30 points in Illinois, Sanders now leads just two days before voting.",0.75
96,2017-01-13 15:54:32,5nrcvo,8121,30602,AP Source: Trump aide in frequent contact with Russia envoy,0.72
97,2016-11-15 16:02:07,5d3940,7212,30323,Obama: Congress stopped me from helping Trump supporters,0.75
98,2017-01-24 01:10:54,5pt59n,7022,30317,"At White House, Trump tells congressional leaders 3-5 million illegal ballots cost him the popular vote",0.75
99,2017-01-22 16:43:55,5phxw9,2785,30311,Kellyanne Conway says Donald Trump’s team has ‘alternative facts.’ Which pretty much says it all.,0.77
